Category,Sub_Category
Office Supplies,Art
Office Supplies,Binders
Furniture,Furnishings
Office Supplies,Art
Office Supplies,Art
Office Supplies,Fasteners
Office Supplies,Appliances
Office Supplies,Paper
Office Supplies,Fasteners
Office Supplies,Fasteners
Office Supplies,Fasteners
Office Supplies,Fasteners
Office Supplies,Binders
Office Supplies,Binders
Office Supplies,Art
Office Supplies,Appliances
Office Supplies,Fasteners
Furniture,Furnishings
Office Supplies,Art
Furniture,Furnishings
Office Supplies,Labels
Office Supplies,Binders
Office Supplies,Binders
Office Supplies,Paper
Office Supplies,Paper
Office Supplies,Paper
Office Supplies,Binders
Office Supplies,Fasteners
Office Supplies,Art
Technology,Phones
Office Supplies,Labels
Office Supplies,Labels
Office Supplies,Labels
Office Supplies,Art
Office Supplies,Supplies
Office Supplies,Binders
Office Supplies,Binders
Office Supplies,Art
Office Supplies,Binders
Office Supplies,Binders
Office Supplies,Binders
Office Supplies,Labels
Office Supplies,Envelopes
Office Supplies,Paper
Office Supplies,Paper
Office Supplies,Binders
Furniture,Furnishings
Office Supplies,Fasteners
Office Supplies,Supplies
Office Supplies,Supplies
Technology,Phones
Office Supplies,Fasteners
Office Supplies,Binders
Office Supplies,Fasteners
Office Supplies,Binders
Office Supplies,Binders
Office Supplies,Binders
Office Supplies,Paper
Office Supplies,Paper
Office Supplies,Binders
Office Supplies,Art
Office Supplies,Art
Office Supplies,Binders
Office Supplies,Appliances
Office Supplies,Labels
Office Supplies,Fasteners
Office Supplies,Fasteners
Office Supplies,Art
Office Supplies,Binders
Office Supplies,Envelopes
Office Supplies,Paper
Office Supplies,Paper
Office Supplies,Paper
Office Supplies,Art
Office Supplies,Paper
Office Supplies,Paper
Office Supplies,Paper
Office Supplies,Paper
Office Supplies,Paper
Office Supplies,Labels
Furniture,Furnishings
Office Supplies,Paper
Office Supplies,Paper
Office Supplies,Art
Office Supplies,Paper
Office Supplies,Binders
Office Supplies,Fasteners
Office Supplies,Binders
Office Supplies,Paper
Office Supplies,Binders
Office Supplies,Labels
Office Supplies,Paper
Office Supplies,Binders
Office Supplies,Binders
Office Supplies,Labels
Office Supplies,Paper
Office Supplies,Binders
Office Supplies,Paper
Office Supplies,Binders
Technology,Accessories
Office Supplies,Paper
Office Supplies,Fasteners
Office Supplies,Art
Office Supplies,Binders
Office Supplies,Art
Office Supplies,Binders
Furniture,Furnishings
Office Supplies,Paper
Office Supplies,Binders
Office Supplies,Binders
Office Supplies,Binders
Office Supplies,Binders
Office Supplies,Binders
Office Supplies,Binders
Office Supplies,Paper
Office Supplies,Art
Furniture,Furnishings
Office Supplies,Binders
Office Supplies,Fasteners
Office Supplies,Binders
Office Supplies,Binders
Office Supplies,Binders
Office Supplies,Binders
Office Supplies,Binders
Office Supplies,Binders
Office Supplies,Fasteners
Office Supplies,Binders
Office Supplies,Fasteners
Office Supplies,Paper
Office Supplies,Paper
Office Supplies,Envelopes
Office Supplies,Paper
Office Supplies,Paper
Office Supplies,Paper
Office Supplies,Paper
Office Supplies,Paper
Office Supplies,Art
Office Supplies,Art
Office Supplies,Paper
Office Supplies,Binders
Office Supplies,Paper
Office Supplies,Paper
Office Supplies,Paper
Office Supplies,Paper
Office Supplies,Art
Office Supplies,Binders
Office Supplies,Binders
Office Supplies,Binders
Office Supplies,Storage
Office Supplies,Paper
Office Supplies,Labels
Office Supplies,Paper
Office Supplies,Binders
Furniture,Furnishings
Office Supplies,Binders
Furniture,Furnishings
Office Supplies,Paper
Office Supplies,Binders
Office Supplies,Paper
Office Supplies,Envelopes
Office Supplies,Envelopes
Office Supplies,Envelopes
Office Supplies,Paper
Office Supplies,Appliances
Office Supplies,Labels
Office Supplies,Paper
Office Supplies,Paper
Office Supplies,Paper
Office Supplies,Art
Office Supplies,Art
Office Supplies,Fasteners
Office Supplies,Paper
Technology,Phones
Office Supplies,Binders
Office Supplies,Appliances
Office Supplies,Binders
Technology,Accessories
Office Supplies,Binders
Office Supplies,Art
Office Supplies,Paper
Furniture,Furnishings
Office Supplies,Appliances
Office Supplies,Art
Office Supplies,Art
Office Supplies,Paper
Office Supplies,Paper
Office Supplies,Paper
Office Supplies,Paper
Furniture,Furnishings
Office Supplies,Binders
Office Supplies,Binders
Office Supplies,Paper
Office Supplies,Binders
Office Supplies,Paper
Furniture,Furnishings
Office Supplies,Labels
Office Supplies,Binders
Office Supplies,Paper
Office Supplies,Paper
Office Supplies,Paper
Office Supplies,Paper
Furniture,Furnishings
Office Supplies,Labels
Office Supplies,Labels
Office Supplies,Binders
Office Supplies,Paper
Office Supplies,Storage
Office Supplies,Art
Furniture,Furnishings
Furniture,Furnishings
Office Supplies,Binders
Office Supplies,Binders
Office Supplies,Binders
Office Supplies,Binders
Furniture,Furnishings
Office Supplies,Binders
Technology,Phones
Office Supplies,Art
Office Supplies,Binders
Office Supplies,Art
Furniture,Furnishings
Office Supplies,Paper
Office Supplies,Paper
Office Supplies,Art
Furniture,Furnishings
Office Supplies,Labels
Furniture,Furnishings
Furniture,Furnishings
Furniture,Furnishings
Furniture,Furnishings
Technology,Accessories
Office Supplies,Paper
Office Supplies,Paper
Office Supplies,Paper
Office Supplies,Appliances
Office Supplies,Paper
Office Supplies,Art
Office Supplies,Paper
Technology,Phones
Furniture,Furnishings
Office Supplies,Fasteners
Office Supplies,Art
Furniture,Furnishings
Office Supplies,Paper
Office Supplies,Paper
Office Supplies,Binders
Office Supplies,Binders
Office Supplies,Binders
Office Supplies,Paper
Office Supplies,Paper
Office Supplies,Paper
Office Supplies,Supplies
Office Supplies,Supplies
Furniture,Furnishings
Furniture,Furnishings
Office Supplies,Paper
Office Supplies,Art
Office Supplies,Paper
Office Supplies,Paper
Office Supplies,Paper
Office Supplies,Paper
Office Supplies,Supplies
Office Supplies,Paper
Technology,Accessories
Office Supplies,Binders
Office Supplies,Labels
Office Supplies,Supplies
Furniture,Furnishings
Furniture,Furnishings
Furniture,Furnishings
Office Supplies,Binders
Furniture,Furnishings
Office Supplies,Art
Office Supplies,Binders
Office Supplies,Supplies
Office Supplies,Binders
Office Supplies,Storage
Office Supplies,Storage
Office Supplies,Envelopes
Office Supplies,Labels
Office Supplies,Paper
Office Supplies,Paper
Office Supplies,Paper
Office Supplies,Storage
Office Supplies,Paper
Office Supplies,Appliances
Office Supplies,Storage
Office Supplies,Paper
Office Supplies,Art
Office Supplies,Art
Office Supplies,Paper
Office Supplies,Paper
Office Supplies,Binders
Furniture,Furnishings
Technology,Phones
Furniture,Furnishings
Office Supplies,Art
Office Supplies,Paper
Office Supplies,Storage
Office Supplies,Storage
Office Supplies,Storage
Office Supplies,Storage
Technology,Phones
Office Supplies,Paper
Office Supplies,Binders
Technology,Accessories
Technology,Accessories
Office Supplies,Binders
Office Supplies,Labels
Office Supplies,Paper
Office Supplies,Appliances
Office Supplies,Storage
Furniture,Furnishings
Furniture,Furnishings
Office Supplies,Storage
Furniture,Furnishings
Office Supplies,Appliances
Furniture,Tables
Office Supplies,Binders
Office Supplies,Envelopes
Technology,Accessories
Office Supplies,Paper
Office Supplies,Binders
Office Supplies,Paper
Office Supplies,Envelopes
Office Supplies,Storage
Office Supplies,Art
Office Supplies,Labels
Technology,Phones
Office Supplies,Binders
Furniture,Furnishings
Office Supplies,Binders
Office Supplies,Art
Office Supplies,Binders
Office Supplies,Binders
Office Supplies,Art
Technology,Accessories
Technology,Phones
Office Supplies,Binders
Office Supplies,Binders
Office Supplies,Paper
Office Supplies,Appliances
Office Supplies,Binders
Office Supplies,Binders
Office Supplies,Binders
Office Supplies,Binders
Office Supplies,Binders
Technology,Phones
Office Supplies,Storage
Office Supplies,Binders
Office Supplies,Binders
Technology,Accessories
Office Supplies,Binders
Office Supplies,Binders
Office Supplies,Paper
Office Supplies,Storage
Office Supplies,Binders
Office Supplies,Binders
Office Supplies,Storage
Office Supplies,Binders
Office Supplies,Storage
Technology,Phones
Office Supplies,Binders
Office Supplies,Binders
Office Supplies,Binders
Office Supplies,Supplies
Furniture,Furnishings
Technology,Accessories
Technology,Phones
Office Supplies,Art
Technology,Accessories
Office Supplies,Envelopes
Office Supplies,Paper
Technology,Accessories
Office Supplies,Binders
Technology,Phones
Office Supplies,Art
Office Supplies,Paper
Technology,Accessories
Technology,Accessories
Furniture,Furnishings
Office Supplies,Supplies
Furniture,Furnishings
Office Supplies,Binders
Office Supplies,Art
Office Supplies,Binders
Office Supplies,Storage
Office Supplies,Storage
Office Supplies,Storage
Office Supplies,Storage
Office Supplies,Binders
Technology,Phones
Office Supplies,Binders
Office Supplies,Paper
Office Supplies,Appliances
Office Supplies,Storage
Office Supplies,Binders
Office Supplies,Art
Furniture,Furnishings
Office Supplies,Paper
Furniture,Furnishings
Office Supplies,Appliances
Technology,Phones
Furniture,Furnishings
Technology,Accessories
Office Supplies,Binders
Furniture,Furnishings
Office Supplies,Envelopes
Office Supplies,Supplies
Technology,Phones
Furniture,Furnishings
Technology,Phones
Office Supplies,Storage
Office Supplies,Appliances
Office Supplies,Binders
Furniture,Furnishings
Office Supplies,Paper
Office Supplies,Binders
Office Supplies,Binders
Office Supplies,Art
Office Supplies,Paper
Office Supplies,Paper
Office Supplies,Binders
Furniture,Tables
Technology,Accessories
Office Supplies,Paper
Office Supplies,Paper
Office Supplies,Paper
Office Supplies,Binders
Technology,Phones
Furniture,Furnishings
Office Supplies,Binders
Office Supplies,Paper
Office Supplies,Binders
Furniture,Furnishings
Office Supplies,Paper
Technology,Accessories
Furniture,Furnishings
Office Supplies,Storage
Office Supplies,Paper
Office Supplies,Paper
Technology,Accessories
Office Supplies,Art
Office Supplies,Appliances
Office Supplies,Paper
Office Supplies,Appliances
Office Supplies,Storage
Office Supplies,Appliances
Office Supplies,Paper
Office Supplies,Storage
Technology,Accessories
Office Supplies,Binders
Office Supplies,Paper
Office Supplies,Paper
Technology,Accessories
Technology,Phones
Office Supplies,Binders
Furniture,Furnishings
Office Supplies,Appliances
Office Supplies,Appliances
Technology,Accessories
Technology,Phones
Office Supplies,Binders
Technology,Phones
Technology,Accessories
Technology,Accessories
Technology,Accessories
Office Supplies,Storage
Office Supplies,Appliances
Furniture,Chairs
Technology,Phones
Office Supplies,Appliances
Office Supplies,Binders
Technology,Accessories
Furniture,Chairs
Office Supplies,Appliances
Office Supplies,Appliances
Furniture,Chairs
Furniture,Chairs
Furniture,Chairs
Office Supplies,Binders
Office Supplies,Binders
Office Supplies,Paper
Office Supplies,Binders
Furniture,Furnishings
Furniture,Furnishings
Technology,Phones
Office Supplies,Appliances
Technology,Phones
Office Supplies,Storage
Office Supplies,Supplies
Technology,Phones
Office Supplies,Binders
Office Supplies,Binders
Office Supplies,Binders
Technology,Accessories
Technology,Accessories
Technology,Accessories
Office Supplies,Paper
Office Supplies,Binders
Office Supplies,Paper
Office Supplies,Art
Office Supplies,Paper
Office Supplies,Paper
Technology,Accessories
Technology,Accessories
Technology,Phones
Technology,Accessories
Furniture,Bookcases
Technology,Phones
Office Supplies,Binders
Furniture,Chairs
Furniture,Chairs
Technology,Accessories
Technology,Phones
Technology,Phones
Technology,Accessories
Office Supplies,Paper
Office Supplies,Binders
Furniture,Furnishings
Office Supplies,Paper
Office Supplies,Labels
Furniture,Chairs
Office Supplies,Binders
Technology,Phones
Office Supplies,Storage
Office Supplies,Paper
Technology,Phones
Technology,Phones
Technology,Phones
Technology,Accessories
Office Supplies,Storage
Office Supplies,Art
Furniture,Chairs
Office Supplies,Binders
Office Supplies,Appliances
Office Supplies,Appliances
Office Supplies,Binders
Furniture,Furnishings
Office Supplies,Paper
Technology,Accessories
Office Supplies,Paper
Office Supplies,Paper
Furniture,Furnishings
Technology,Accessories
Furniture,Furnishings
Technology,Accessories
Furniture,Furnishings
Technology,Accessories
Technology,Accessories
Technology,Accessories
Office Supplies,Appliances
Office Supplies,Storage
Technology,Phones
Furniture,Chairs
Technology,Accessories
Technology,Phones
Furniture,Bookcases
Office Supplies,Envelopes
Furniture,Chairs
Furniture,Chairs
Office Supplies,Art
Furniture,Chairs
Office Supplies,Binders
Technology,Phones
Office Supplies,Binders
Office Supplies,Storage
Furniture,Furnishings
Furniture,Tables
Office Supplies,Labels
Office Supplies,Appliances
Furniture,Tables
Office Supplies,Envelopes
Office Supplies,Storage
Furniture,Chairs
Office Supplies,Storage
Furniture,Chairs
Office Supplies,Binders
Office Supplies,Storage
Office Supplies,Storage
Technology,Phones
Office Supplies,Appliances
Furniture,Furnishings
Technology,Accessories
Furniture,Bookcases
Office Supplies,Binders
Technology,Accessories
Technology,Phones
Technology,Machines
Furniture,Furnishings
Furniture,Chairs
Furniture,Tables
Office Supplies,Appliances
Technology,Phones
Office Supplies,Appliances
Furniture,Chairs
Furniture,Chairs
Office Supplies,Binders
Furniture,Chairs
Technology,Accessories
Technology,Accessories
Technology,Phones
Technology,Accessories
Office Supplies,Paper
Technology,Phones
Furniture,Tables
Technology,Accessories
Technology,Phones
Furniture,Furnishings
Office Supplies,Appliances
Furniture,Chairs
Technology,Phones
Furniture,Chairs
Furniture,Chairs
Office Supplies,Paper
Furniture,Bookcases
Technology,Phones
Office Supplies,Binders
Technology,Phones
Technology,Accessories
Furniture,Furnishings
Furniture,Chairs
Technology,Accessories
Furniture,Chairs
Office Supplies,Supplies
Technology,Accessories
Technology,Accessories
Furniture,Tables
Technology,Phones
Office Supplies,Appliances
Office Supplies,Appliances
Technology,Accessories
Office Supplies,Paper
Office Supplies,Binders
Furniture,Furnishings
Furniture,Chairs
Furniture,Chairs
Technology,Phones
Office Supplies,Storage
Technology,Phones
Furniture,Chairs
Furniture,Furnishings
Furniture,Bookcases
Technology,Phones
Furniture,Furnishings
Furniture,Bookcases
Furniture,Tables
Furniture,Chairs
Technology,Accessories
Office Supplies,Storage
Technology,Phones
Office Supplies,Binders
Office Supplies,Appliances
Technology,Phones
Furniture,Furnishings
Technology,Accessories
Office Supplies,Storage
Furniture,Furnishings
Office Supplies,Storage
Technology,Phones
Furniture,Chairs
Technology,Accessories
Office Supplies,Storage
Furniture,Chairs
Furniture,Bookcases
Furniture,Bookcases
Technology,Phones
Furniture,Tables
Office Supplies,Binders
Technology,Machines
Office Supplies,Storage
Office Supplies,Storage
Technology,Phones
Technology,Phones
Technology,Phones
Furniture,Chairs
Technology,Phones
Office Supplies,Supplies
Office Supplies,Storage
Technology,Accessories
Furniture,Tables
Technology,Phones
Office Supplies,Storage
Office Supplies,Storage
Furniture,Furnishings
Furniture,Tables
Office Supplies,Appliances
Technology,Phones
Furniture,Chairs
Office Supplies,Storage
Furniture,Tables
Office Supplies,Appliances
Furniture,Bookcases
Technology,Phones
Furniture,Tables
Furniture,Bookcases
Technology,Phones
Technology,Copiers
Furniture,Furnishings
Technology,Machines
Furniture,Tables
Furniture,Chairs
Technology,Phones
Technology,Phones
Office Supplies,Storage
Technology,Accessories
Office Supplies,Storage
Technology,Machines
Technology,Machines
Furniture,Furnishings
Furniture,Chairs
Furniture,Chairs
Furniture,Chairs
Furniture,Chairs
Furniture,Tables
Technology,Phones
Technology,Machines
Furniture,Tables
Furniture,Chairs
Technology,Phones
Furniture,Chairs
Office Supplies,Storage
Furniture,Tables
Furniture,Chairs
Furniture,Tables
Furniture,Tables
Furniture,Bookcases
Office Supplies,Binders
Technology,Copiers
Technology,Copiers
Office Supplies,Supplies
Furniture,Bookcases
Furniture,Tables
Furniture,Chairs
Furniture,Tables
Furniture,Chairs
Furniture,Furnishings
Office Supplies,Storage
Furniture,Chairs
Technology,Accessories
Technology,Phones
Furniture,Tables
Furniture,Tables
Furniture,Chairs
Furniture,Chairs
Furniture,Furnishings
Technology,Phones
Technology,Phones
Furniture,Bookcases
Technology,Accessories
Office Supplies,Storage
Office Supplies,Storage
Furniture,Chairs
Furniture,Furnishings
Furniture,Tables
Office Supplies,Appliances
Office Supplies,Storage
Furniture,Chairs
Technology,Phones
Furniture,Bookcases
Furniture,Chairs
Technology,Accessories
Furniture,Chairs
Technology,Machines
Furniture,Tables
Furniture,Chairs
Technology,Phones
Office Supplies,Storage
Technology,Phones
Technology,Phones
Technology,Machines
Furniture,Bookcases
Technology,Phones
Technology,Accessories
Office Supplies,Storage
Office Supplies,Storage
Furniture,Tables
Furniture,Bookcases
Technology,Phones
Furniture,Tables
Office Supplies,Appliances
Furniture,Tables
Technology,Machines
Office Supplies,Supplies
Technology,Machines
Technology,Phones
Technology,Machines
Technology,Copiers
Office Supplies,Appliances
Furniture,Chairs
Technology,Phones
Furniture,Tables
Technology,Machines
Furniture,Tables
Technology,Machines
Furniture,Chairs
Technology,Phones
Furniture,Chairs
Office Supplies,Binders
Technology,Copiers
